Domain,Challenge
Government Websites,Only 6% of 7800 tested websites had acceptable accessibility scores
Government Websites,33% of websites lack alternate text for non-text objects
Government Websites,58% have no navigation markup
Government Websites,Mixed Hindi-English content on single pages creates confusion
Government Websites,Absence of skip links and proper language identification
Government Websites,High error rates: average 63 errors per homepage
Healthcare Portals,Language barriers affect doctor-patient communication
Healthcare Portals,Medical jargon difficult to understand in regional languages
Healthcare Portals,Limited multilingual support in telemedicine platforms
Healthcare Portals,Inadequate translation of medical records and prescriptions
Healthcare Portals,Low health literacy compounded by language barriers
Healthcare Portals,Emergency care complications due to language diversity
